{
    "root_group": {
        "name": "",
        "path": "",
        "id": "d41d8cd98f00b204e9800998ecf8427e",
        "groups": {},
        "checks": {
                "3xx": {
                    "fails": 0,
                    "name": "3xx",
                    "path": "::3xx",
                    "id": "bfe67f4e8882d50e4bf408e8fd84c59a",
                    "passes": 54509
                }
            }
    },
    "metrics": {
        "iterations": {
            "count": 54509,
            "rate": 905.3361077485275
        },
        "data_sent": {
            "count": 5069152,
            "rate": 84193.18536875863
        },
        "vus_max": {
            "value": 200,
            "min": 200,
            "max": 200
        },
        "checks": {
            "passes": 54509,
            "fails": 0,
            "value": 1
        },
        "vus": {
            "min": 200,
            "max": 200,
            "value": 200
        },
        "http_req_failed": {
            "fails": 54509,
            "passes": 0,
            "thresholds": {
                "rate<0.01": false
            },
            "value": 0
        },
        "http_req_duration": {
            "p(95)": 222.6614418,
            "avg": 194.86680019103213,
            "min": 48.123041,
            "med": 192.795458,
            "max": 364.892542,
            "p(90)": 215.7712418,
            "thresholds": {
                "p(95)<100": true,
                "p(99)<200": true
            }
        },
        "http_reqs": {
            "count": 54509,
            "rate": 905.3361077485275
        },
        "http_req_duration{expected_response:true}": {
            "min": 48.123041,
            "med": 192.795458,
            "max": 364.892542,
            "p(90)": 215.7712418,
            "p(95)": 222.6614418,
            "avg": 194.86680019103213
        },
        "iteration_duration": {
            "med": 219.851875,
            "max": 411.086875,
            "p(90)": 246.76362540000002,
            "p(95)": 257.424125,
            "avg": 220.48496976607564,
            "min": 102.96825
        },
        "data_received": {
            "count": 7195317,
            "rate": 119506.50877463927
        },
        "http_req_blocked": {
            "avg": 0.10630267297145506,
            "min": 0.000666,
            "med": 0.0015,
            "max": 41.880125,
            "p(90)": 0.002083,
            "p(95)": 0.002459
        },
        "http_req_waiting": {
            "avg": 194.83657652420558,
            "min": 47.933958,
            "med": 192.766541,
            "max": 364.8555,
            "p(90)": 215.7289342,
            "p(95)": 222.63621699999996
        },
        "http_req_connecting": {
            "p(95)": 0,
            "avg": 0.04803574173072338,
            "min": 0,
            "med": 0,
            "max": 32.043458,
            "p(90)": 0
        },
        "http_req_receiving": {
            "min": 0.006041,
            "med": 0.020292,
            "max": 0.508833,
            "p(90)": 0.040583,
            "p(95)": 0.050542,
            "avg": 0.024396969564659362
        },
        "http_req_sending": {
            "p(90)": 0.010375,
            "p(95)": 0.013,
            "avg": 0.005826697261002558,
            "min": 0.00175,
            "med": 0.003959,
            "max": 0.630959
        },
        "http_req_tls_handshaking": {
            "max": 0,
            "p(90)": 0,
            "p(95)": 0,
            "avg": 0,
            "min": 0,
            "med": 0
        }
    }
}